Intercept,C(party)[T.Independent],C(party)[T.Republican],age
0.2833140018,-0.1020364156,-0.026266216,0.0053274418
0.2681710758,-0.0655333642,0.0081055472,0.0052828431
0.3182382139,-0.0601606174,-0.0062296771,0.0043862494
0.2505423363,-0.0282943388,0.0103312419,0.005479671
0.3086394717,-0.0274894361,-0.0304073188,0.0047905364
0.3011569268,-0.0653301215,-0.0043602359,0.0049703043
0.2675034252,-0.0632584897,0.004325619,0.0053606333
0.2952296782,-0.0659098585,0.0081278215,0.0049082605
0.25679112,-0.0499238501,-0.0278826433,0.0058995887
0.3020919384,-0.0868379054,-0.0253394322,0.0051781924
0.3152619663,-0.0276395729,-0.0422502568,0.0050300272
0.2704370257,-0.0484529568,-0.0129841184,0.0051263278
0.2618387265,-0.0634207258,-0.0165181197,0.0056536417
0.241722807,-0.0482074047,0.0378082845,0.0053637939
0.2904884349,-0.0331276909,-0.0186081698,0.0051257107
0.281102169,-0.0790364185,-0.013444202,0.0053013781
0.2652867236,-0.0236242918,-0.0034702084,0.0053179329
0.2638005882,-0.0176896913,0.0330461925,0.0051363316
0.3017288256,-0.0831341108,-0.0081246636,0.004677507
0.2836653578,-0.0844893417,-0.0334977753,0.0053464165
0.2849430845,-0.064656808,-0.0007762466,0.0050855468
0.2654267673,-0.0560928733,0.0100820961,0.0053226436
0.2796647882,-0.0857001215,0.0037127736,0.0050446194
0.2676826719,-0.087831328,-0.0139094458,0.0055914941
0.2927590981,-0.0698642744,-0.0012520732,0.0050690239
0.2774012337,-0.0545686989,-0.014800076,0.0054705766
0.3098794075,-0.0646339845,-0.0258255813,0.0050703119
0.3085232441,-0.0866266099,-0.0075604045,0.0049813377
0.2844847733,-0.0134530404,0.0074787382,0.0047537775
0.2650062688,-0.0466004367,-0.0156734081,0.005534404
0.3044988645,-0.079256828,-0.0105672528,0.0050402033
0.2719015555,-0.0636574358,-0.0084786534,0.0054550569
0.2815146734,-0.0895480513,-0.0241324728,0.0055281409
0.2759270756,-0.036816182,-0.0015561802,0.0051556532
0.2776099901,-0.0888975229,0.0072967867,0.0051490961
0.3009342892,-0.0363174334,-0.0013203176,0.0048093008
0.2604435138,-0.0165976808,0.0110614731,0.0053347946
0.3161322031,-0.072844294,-0.0295529571,0.0048841748
0.2849381246,-0.0755579758,-0.0098913326,0.005085918
0.3022161762,-0.0573169198,0.0165355694,0.0048252054
0.3108944519,-0.0519338278,0.0059719916,0.0047851336
0.2685822923,0.0031873282,-0.0070765599,0.0053613423
0.2734646483,-0.0941920081,0.0052137461,0.0052621267
0.2889463937,-0.032537894,-0.0010412857,0.0050210158
0.3028820528,-0.0585221974,-0.0150360841,0.0050059274
0.3053732862,-0.0962287372,-0.0413483204,0.0050622553
0.2980295205,-0.0777820273,-0.0098125582,0.0049914437
0.2416073234,-0.0724562392,-0.0002825977,0.0058486475
0.2867890343,-0.0255561608,-0.0239054622,0.005161367
0.2438839768,-0.0258371532,0.0032787786,0.0057824909
0.2584868628,-0.0589713826,0.002634709,0.005608797
0.273985645,-0.0719077105,0.0019771013,0.0053613404
0.2976882487,-0.0731481058,-0.011030648,0.0049336181
0.2843900863,-0.0520008314,-0.0177923236,0.0054632157
0.3201252595,-0.0506064761,-0.0041485753,0.0046541961
0.2746427098,-0.07803945,0.0063304255,0.0053029789
0.2695946057,-0.0297728883,0.0289827832,0.0050781791
0.3213085406,-0.0529175759,0.0052866533,0.0047045211
0.2585989277,-0.0571856557,0.0167158678,0.0053752781
0.2863644074,-0.0487109242,-0.0361034013,0.0053999922
0.2889007471,-0.0204983829,-0.007957949,0.0051309083
0.2923791205,-0.1095982167,0.0002395069,0.0051848933
0.3031721218,-0.0472621415,-0.0120139188,0.0049600699
0.269456563,-0.0228006354,-0.030167722,0.0055751227
0.2581260483,-0.0216628467,0.0085248405,0.0055300219
0.2883714707,5.85435e-05,0.0012775955,0.005280386
0.2680683078,-0.0095523621,-0.0237078979,0.0057478236
0.2320353997,-0.0541772065,-0.0101513046,0.0060699497
0.2427994144,-0.0012504491,0.0240084701,0.005477631
0.2785801346,-0.0100471301,-0.0142963,0.0049620496
0.2764797665,-0.1005010146,-0.0081922838,0.0054967512
0.310832793,-0.064425189,-0.0242175752,0.005042766
0.281785106,-0.0159829447,0.0037024384,0.0050134911
0.2828622628,-0.0754838186,-0.0068524484,0.0052082998
0.2610518754,-0.0480361125,-0.0017444913,0.005497111
0.2530549464,-0.1008675396,-0.0089571124,0.0057311663
0.3087485798,-0.0340234471,-0.0272879985,0.004962931
0.2621892782,-0.0428283471,-0.0082197945,0.0055208857
0.2717760831,-0.1017969907,-0.0106765275,0.0052724416
0.2871298665,-0.0701626085,-0.0191977247,0.0052048121
0.3069899907,-0.0385519181,-0.0280395875,0.0048541409
0.2934336813,-0.0360480902,-0.014571801,0.0050262015
0.3035831087,-0.0376945563,-0.039491269,0.005152783
0.2987704158,-0.0631800979,0.0098536384,0.004725882
0.3222567191,-0.0848854865,-0.0148134882,0.0046310877
0.2783988158,-0.0572520898,0.0153628821,0.0052177972
0.2853179447,-0.028924396,0.0033688652,0.0050951065
0.2616025999,-0.0812844264,-0.0229403064,0.005841661
0.289365344,-0.0964809055,-0.0006156583,0.0051790649
0.2930636434,-0.0629018711,-0.0043445455,0.0050448912
0.2793028776,-0.0650269989,-0.0267578334,0.0053659582
0.2976943189,-0.070423409,-0.0206894823,0.0049761946
0.2930072643,-0.0941960817,0.001357157,0.0047549254
0.3163934863,-0.0252454334,-0.0172733929,0.0045990952
0.2998400428,-0.0395924051,-0.0234149918,0.0048805613
0.2914871395,-0.0520717868,-0.0004684433,0.0049525499
0.2529210706,-0.0860028022,-0.0287409023,0.0058784706
0.2737155433,-0.0637133749,0.0036822273,0.0053736731
0.3088772487,-0.0477666394,-0.0063284702,0.0047756384
0.2768609361,-0.0469128241,0.0061207973,0.005252987
0.3125063639,-0.0561851338,-0.0010464283,0.0043853045
0.2502813743,-0.0225744949,0.0152236817,0.0056108393
0.3027664493,-0.041805292,-0.0293743847,0.0050560906
0.2899880649,-0.0438904062,-0.0125210246,0.0050276391
0.2956724356,-0.0369426197,-0.0190794701,0.0047291888
0.2454741656,-0.0629414187,7.7293e-05,0.0058468346
0.2819053118,-0.008330437,-0.0065134547,0.0054561896
0.2936136492,-0.0874864154,-0.027661072,0.00511316
0.286793057,-0.0754089283,-0.0207579354,0.0053058641
0.2729160981,-0.0732154231,-0.0065984098,0.0054243892
0.3023627707,-0.0834083105,-0.0303661794,0.0053561415
0.3001748073,-0.0673329599,-0.0107524891,0.0047623079
0.3297017845,0.0063735861,-0.033881894,0.0045749014
0.2813227165,-0.0663492928,0.0002218156,0.0049247256
0.2607296661,-0.0419152458,-0.0229476769,0.0056858604
0.2979129084,-0.0588190321,-0.0148472216,0.0049612016
0.3118740935,-0.0057278701,-0.0090384493,0.004697046
0.2996286926,-0.0486034059,-0.0114086252,0.0048944792
0.2817194698,-0.0639821958,-0.0106285286,0.0053168747
0.2836150035,-0.0402084921,-0.0210717781,0.0053260635
0.2551246064,-0.0912724157,0.013150682,0.0055678514
0.2954470127,-0.0309650062,-0.0102229676,0.0051240417
0.295199619,-0.0568370193,0.0067934667,0.004828672
0.2522898725,-0.046700243,0.0069030665,0.0058720566
0.2585982641,-0.0342303207,0.0051411992,0.005387046
0.303297568,-0.0613945643,-0.0055229733,0.0050534119
0.285455591,-0.0895477957,-0.0241765488,0.005393378
0.3095418206,-0.0710695412,-0.0279092292,0.0047926173
0.2579022419,-0.0334132763,-0.0084775718,0.0056986423
0.2932441934,-0.0713718728,-0.0247918856,0.0049376057
0.2532568248,-0.0169064822,0.0034508266,0.0056907931
0.3064186526,-0.0856932718,0.0001870313,0.004953136
0.2603711257,-0.0349088097,-0.0092167487,0.0054998223
0.2778825259,-0.0503544692,-0.0200857739,0.0054552345
0.2683573833,-0.0519043637,0.0024041368,0.0054868334
0.2786975807,-0.0512909412,-0.0051618677,0.0052605843
0.2816634455,-0.0953751423,-0.0129132654,0.0052546694
0.2765898096,-0.0503026997,-0.0131882965,0.005408872
0.2785270661,-0.06900283,-0.0076117909,0.0052645477
0.2920906171,-0.0465439381,0.0103689861,0.004681029
0.2959153312,-0.0573651358,0.0064787686,0.0050573802
0.2972475647,-0.0648255631,0.0047424876,0.0048565041
0.3266718728,-0.0776648872,-0.0137198629,0.004772486
0.286178701,-0.0702658995,-0.0098291638,0.0052196294
0.2710742621,-0.0421706774,-0.0154417542,0.0054934844
0.2699466072,-0.0594834883,-0.010266357,0.005437274
0.2817181533,-0.0354831912,-0.0034176244,0.005439559
0.2734116555,-0.0793876554,-0.0105907696,0.0054404236
0.300116738,-0.0324071981,-0.0269214343,0.0050366404
0.2933483789,-0.0710007578,-0.0342620217,0.0053130662
0.277901137,-0.0484001885,0.0001486931,0.0051353345
0.2624490533,0.000863438,0.0054308482,0.0052879087
0.2658830732,-0.0393043553,-0.0355940502,0.0055512604
0.2699281655,-0.010907312,-0.0062128593,0.0052411885
0.2900776209,-0.0111555055,0.0111441557,0.0048176006
0.2467198283,0.0215375708,0.0096215543,0.0054029026
0.2731225668,-0.0623980009,-0.0025031928,0.0054855056
0.3255795093,-0.0928859925,-0.0334138148,0.0048829929
0.2338774215,-0.0380860509,-0.0115316104,0.0057136453
0.2769261081,-0.035536407,-0.0106027587,0.0053332601
0.3167442103,-0.0918583404,-0.0133672275,0.004809024
0.3020189499,-0.108142342,0.0071880855,0.004882639
0.2938012851,-0.0223788294,-0.0200812148,0.0051610614
0.2552596161,-0.0642602444,0.0201715188,0.0055596957
0.2691011834,-0.0570666172,0.0033143384,0.0053698769
0.308692343,-0.0327774163,-0.0218117139,0.004994075
0.3425995568,-0.0519518205,-0.012336332,0.0041983907
0.3044550404,-0.0748505832,-0.0118141158,0.0048884474
0.2998948051,-0.0575999547,0.0027988934,0.0046346055
0.2801564441,-0.0198355669,-0.0133447558,0.005231194
0.3133374623,-0.0199849564,0.0109117718,0.0044371708
0.2931195588,-0.0407897856,-0.027987258,0.0051363618
0.2944527991,-0.0652556736,-0.019744754,0.0050770265
0.3023828128,-0.0001228586,0.0184288873,0.0045237512
0.2726840852,-0.0723660854,0.0115406696,0.0052065466
0.3129046148,-0.067706152,-0.0016546876,0.0049334752
0.2763842053,-0.0782569086,-0.021840621,0.0054222312
0.2583216921,-0.0392801204,-0.0063738117,0.0056888846
0.2676227585,-0.0205459911,0.0335345213,0.0052118039
0.3094712676,-0.038610975,-0.0154669093,0.0047653055
0.2897970565,-0.0363360616,-0.0148638841,0.0049344889
0.2862091415,-0.0817681474,-0.0239955394,0.0052830192
0.2983898318,-0.0614187724,-0.0091095665,0.004892829
0.2581411157,-0.0225943442,-0.0241859389,0.0055502517
0.2956034459,-0.0336390263,0.0061983498,0.0049179423
0.2944764572,-0.08768403,-0.0001905209,0.0050863034
0.2804051662,-0.0598667277,-0.0372697542,0.0054779239
0.2944267585,-0.1100918556,0.0028791454,0.0049530431
0.2967951321,-0.0524906237,-0.0154897598,0.0049769833
0.2683332819,-0.0876766161,0.0168251665,0.005336756
0.3201070045,-0.1350118371,-0.0230212808,0.0049685811
0.3004111162,-0.1062631791,-0.0309546209,0.0052030143
0.2782327246,-0.0264340742,0.0019519789,0.0050653988
0.3127852998,-0.0386352811,-0.0214533262,0.0048974976
0.2938561928,-0.0340340336,-0.0178931759,0.0049510227
0.2804098921,-0.0619940717,-0.011579581,0.0051085352
0.2724353689,-0.0359657761,-0.0194383783,0.0056122685
0.3010027174,-0.0177061052,-0.0014401322,0.0046255642
0.2986810974,-0.0949741895,-0.0113556266,0.00502011
0.2882950019,-0.0968730275,-0.0033446716,0.0050764968
0.2904259239,-0.0451915139,0.0025488771,0.0049258958
0.2889160988,-0.0591115449,-0.0172779384,0.005171778
0.279638224,-0.143932659,-0.0238978207,0.0052941668
0.2780980725,-0.0240294633,0.0030208988,0.0051524984
0.2494829409,-0.0706439117,-0.0168539644,0.0057179227
0.252568266,-0.0063924091,0.0040593151,0.0056199359
0.2653665887,-0.0454869381,0.017896114,0.0051745351
0.3006182462,-0.0892145752,-0.00267448,0.0050231206
0.296725583,-0.0752897636,-0.043249182,0.005289796
0.3314697141,-0.0868081391,-0.0436860562,0.0050407586
0.2781711092,-0.0848707798,-0.0078895329,0.0051389695
0.270365144,-0.0132298814,-0.0014462499,0.0053699866
0.3042538845,-0.0740319737,-0.0277452002,0.005103364
0.2957421427,-0.0811866482,-0.010752311,0.0051353885
0.2406588096,-0.03729389,0.0098121494,0.0056239372
0.3048693186,-0.1093330895,0.0057919249,0.004907859
0.2970936877,-0.0580238953,0.010278026,0.0050321625
0.3072766792,-0.0565575873,-0.0122066164,0.0049363791
0.2821455426,-0.0338116816,-0.0341602054,0.0055456439
0.26178008,-0.0734148816,-0.0138720514,0.0053396192
0.2664066943,-0.0487471277,-0.0031190448,0.0052725567
0.2818744382,-0.055719442,-0.0029915235,0.0051606577
0.2608256459,-0.0078331926,-0.0236474299,0.0056541301
0.2885615612,-0.041300735,0.004446838,0.004948556
0.3424877211,-0.0836522772,-0.0400607084,0.0044397506
0.2647421896,-0.0632923014,-0.0233937111,0.0056135571
0.3242313842,-0.0851191282,-0.0273090112,0.0045691769
0.2413265133,-0.0450030893,-0.0014532063,0.00591011
0.262238244,-0.0412011814,0.0002228405,0.0055438398
0.2728821392,-0.0713862569,-0.0141362458,0.0054089272
0.2990711575,-0.0613433776,0.0011427398,0.0048701755
0.2491021973,-0.0466939132,-0.0094895496,0.0057619296
0.2708914167,-0.0817663906,-0.0029982026,0.0054003481
0.2628206272,-0.0021175794,-0.0145424516,0.0055441514
0.2742554144,-0.0839015773,-0.004007525,0.0054031652
0.2440354118,-0.0334901642,-0.0029509447,0.0059204459
0.309347958,-0.0890583229,-0.0112585071,0.0046886957
0.2863598205,-0.054330204,-0.0209541661,0.0051244166
0.2830309079,-0.054142852,-0.0195970411,0.0052272994
0.2703176155,-0.0416020891,-0.0043721953,0.005282085
0.2682218259,-0.0354791748,0.0207027277,0.0050411549
0.2532137989,-0.0414489292,-0.0106543202,0.0059889546
0.3305282443,-0.0707626155,0.0093560431,0.0044328874
0.2249293498,-0.0614083261,0.0042144815,0.0060114154
0.2699528382,-0.0405733317,0.0066070364,0.0052984515
0.2601765297,-0.0417634799,-0.0032277441,0.0055254008
0.2877237238,-0.0320381737,-0.0239579944,0.0050534993
0.2796801156,-0.0558716809,0.0037104082,0.0052177655
0.266425471,-0.0482612252,0.0021833182,0.0053848192
0.2818697778,-0.0630518221,-0.0074669984,0.0052606441
0.2766994416,-0.0502572458,-0.0122043756,0.0051716698
0.2864858549,-0.0594691945,0.0038211646,0.0050141979
0.2971882276,-0.0975135906,-0.0172197659,0.0050553394
0.2834834755,-0.0106449135,0.0015799776,0.0049951609
0.2791858567,-0.039133346,0.008771588,0.0052835786
0.2913992748,-0.0977410686,-0.0147934961,0.0050545192
0.2656443117,-0.0333056508,0.0324255789,0.0051240319
0.2815826778,-0.0413766435,0.0117525013,0.0050511185
0.2876314939,-0.0680718343,-0.0038545565,0.0052396996
0.2847079424,-0.049510415,-0.0308531248,0.0052398141
0.2749501158,-0.0341847704,0.0227721578,0.0051408025
0.2928196429,-0.026501733,-0.0017736815,0.0049297408
0.2789822729,-0.0908562667,0.007936227,0.0051228259
0.3074195401,-0.0804999412,-0.0387031059,0.0052317943
0.2963489185,-0.0338840739,0.0055549563,0.0048637933
0.3081978823,-0.1017615052,-0.033839971,0.005016125
0.2855211799,-0.0474441381,-0.0053509848,0.0052254412
0.2994028459,-0.0815006934,0.0034213977,0.0046829761
0.290626934,-0.0092940435,0.002975222,0.0049734082
0.3350064289,-0.0687888535,-0.03117385,0.0046086712
0.303270259,-0.0587163435,-0.0040381933,0.0045936131
0.2403787205,-0.034072037,-0.0087553897,0.005881925
0.2922605962,-0.0915655245,-0.0214393843,0.0050576854
0.2627063186,-0.0533090489,-0.0167960257,0.005549032
0.2528179989,-0.0322414021,0.0050946495,0.005619193
0.2867724871,-0.0404066327,-0.0090579673,0.0050646798
0.256750144,-0.0429363936,0.0172800922,0.0054728845
0.2630610739,-0.0093245384,0.0023634096,0.0055747302
0.247419339,-0.0579084193,-0.0021198201,0.0058031986
0.2760792522,-0.0826854674,0.0098574074,0.0050658083
0.3204770232,-0.0759895799,-0.0255671278,0.0046963951
0.2629010645,-0.0942578759,-0.0225478082,0.0056885203
0.2744896866,-0.0158402846,-0.008155665,0.005436725
0.2447244931,-0.043221443,0.0070200978,0.0057973218
0.2746232991,-0.0345091703,-0.0009753616,0.0052486069
0.2742738485,-0.0764948395,-0.0184522719,0.0053704942
0.2610525686,-0.0479280012,0.0042451207,0.0052828164
0.2407103234,-0.0529771872,-0.0161734415,0.0058018343
0.2823431078,-0.0347701305,-0.0192087697,0.0052102927
0.2957402295,-0.0291529748,-0.0012719824,0.0050191043
0.3124528702,-0.0343543592,-0.0200820586,0.004770048
0.2886485714,-0.0450126672,0.0030051575,0.0050322341
0.2800355852,-0.0717205543,-0.0221543031,0.0054828078
0.2875372673,-0.0393722343,-0.0112626511,0.0050875247
0.2544482406,-0.0296877465,-0.0011064015,0.0058937424
0.2456076629,-0.1039041109,-0.0056225654,0.0058378892
0.2888151267,-0.0453412909,-0.0048854369,0.0048645113
0.2777742446,-0.0478287801,0.0074191181,0.0051947494
0.3085497507,-0.0576252306,-0.0290920712,0.0049933368
0.2907367753,-0.0598157368,0.009856161,0.0048391419
0.3026836911,-0.0407582329,0.0145458836,0.0046474216
0.3200665459,-0.0825122441,0.0031253904,0.0046951933
0.2919033142,-0.0925429138,-0.0218595169,0.0052107341
0.2867674526,-0.0853594146,-0.0029752131,0.0052007282
0.299231881,-0.091453535,-0.0161870414,0.0049415613
0.2700877391,-0.0487277973,-0.0203970601,0.0053709438
0.2982541849,-0.099692889,-0.0258569036,0.0050535071
0.2911097197,-0.0475848356,0.0167116048,0.0048615701
0.2848685846,-0.0822304846,-0.0151970493,0.0050454512
0.2727534928,-0.0277574396,-0.0077516657,0.0052111389
0.328922835,-0.0765970415,-0.0272658998,0.0047196554
0.2953431061,-0.0258265481,-0.002015729,0.0049697882
0.3207592313,-0.0739005586,-0.0200985652,0.0049801596
0.2832040257,-0.0506690203,-0.0105584257,0.0051788116
0.27381175,-0.0519527761,0.0169641388,0.0051873892
0.2807818684,-0.0383512357,0.0058470012,0.0050254735
0.3229314105,-0.0539585695,-0.0331062889,0.0048085687
0.2823244183,-0.0651954135,-0.0108525523,0.0052950911
0.2932853238,-0.0623017864,-0.009667663,0.0049911607
0.2645071574,-0.0411209526,-0.0127703982,0.0054611562
0.258059624,-0.0357201814,-0.0001980761,0.0056222612
0.282508673,-0.0246170413,-0.0155252882,0.0053479526
0.2733253213,-0.0657960268,0.0033227247,0.005282262
0.2713516266,-0.075205606,-0.0029645378,0.0053928942
0.2632511022,-0.0538566938,0.0049881184,0.0054564751
0.2942665558,-0.0225013259,-0.0049118177,0.0047433212
0.2660883002,-0.0244978083,-0.0059536966,0.0053600319
0.302773642,-0.0785292719,-0.0352154969,0.0050941961
0.2898263974,-0.047268148,-0.002736711,0.0050762081
0.2754897805,-0.0439616754,-0.0148709183,0.0054088548
0.2879239535,-0.0489779323,-0.0168200678,0.0051732381
0.3075879689,-0.0307618541,-0.0181773833,0.0047666111
0.2962771984,-0.0551880358,-0.0142067861,0.0049763256
0.2744553257,-0.022360668,0.0038613154,0.0053587363
0.2772062696,-0.037921332,0.0252683282,0.0051024201
0.2926379416,-0.0624098554,-0.0119909948,0.0051742418
0.2598125347,-0.0545355154,0.0161662442,0.0055513363
0.27363727,-0.0783574933,-0.0024637114,0.005381596
0.2770767361,-0.0315789036,0.023465653,0.0048149859
0.2673740472,-0.0936525958,0.0066088473,0.005316963
0.2995839051,-0.0643538223,0.0133540024,0.004678992
0.2751881908,-0.0793951679,-0.0125326059,0.005456163
0.2635046096,-0.0766381928,0.0075373372,0.005507805
0.2634717719,-0.049305879,-0.0149211967,0.0054216918
0.2675143937,-0.0616350187,-0.0166095423,0.0054497694
0.2962460722,-0.0527933488,-0.017549458,0.0051846393
0.3135726007,-0.0634593007,-0.0415454847,0.0050798138
0.303702293,-0.0637177607,-0.0187025849,0.0049033345
0.2876842662,-0.043494896,-0.0016353028,0.0051259709
0.2881765161,-0.0619176676,-0.0071173965,0.0050179081
0.2790382605,-0.0535140304,-0.0078609571,0.0052003317
0.2451632712,-0.0580300348,0.016795159,0.0058263558
0.291163878,-0.0732672932,0.0270015269,0.0050382042
0.2989331708,-0.0747007616,-0.0077408683,0.0046988581
0.2652760154,-0.0453695619,0.0004591075,0.0053875877
0.2856587958,-0.0308054787,-0.0092307199,0.0050474231
0.2482066681,-0.043696729,-0.0013471289,0.0058453771
0.316526987,-0.0460675914,-0.0014559982,0.0044706545
0.2834419462,-0.0276777579,-0.0002487424,0.0050016171
0.2766378092,-0.0485447922,-0.0038516029,0.0051762695
0.2900707835,-0.0321846444,0.0062458238,0.0050540363
0.3088314702,-0.0692560496,-0.002241147,0.0047712093
0.2967566867,-0.0425800224,-0.0211670295,0.0050754565
0.2426029386,-0.0580813228,-0.0045705994,0.0058960448
0.2738803137,-0.035338386,-1.859e-06,0.0054020903
0.2725329643,-0.0806229293,0.0117060472,0.0053933038
0.2985820309,-0.0969215427,-0.0306958746,0.0050832172
0.2609064169,-0.0406999648,0.0017361391,0.0054888884
0.2789046271,-0.0732600814,-0.0222440953,0.0053064522
0.3199099003,-0.1267337644,-0.0099819812,0.0046349875
0.2737222094,-0.0247990815,-0.0096502791,0.0054028397
0.3026409329,-0.068248533,-0.0251998406,0.0050708453
0.2714364322,-0.0845736757,0.0113773484,0.0052661793
0.3029189307,-0.0505081612,-0.0345858849,0.0049385043
0.2857688456,-0.1170152945,-0.0087559067,0.0052052053
0.2601412969,-0.0665428182,-0.0011165344,0.0055386071
0.2901347018,-0.096265638,-0.001237693,0.005166618
0.3045159769,-0.0781142432,-0.0193122578,0.0052369197
0.2758580227,-0.0001443321,0.0019651137,0.0050548846
0.3119822483,-0.0338854783,-0.0188560458,0.0049152901
0.2539997228,-0.0648045551,-0.013582952,0.0053763627
0.2760811395,-0.1094078836,0.0135017483,0.0051693826
0.3139967323,-0.0920293503,0.0012485489,0.0045440062
0.2391436826,-0.0393117813,0.0095935409,0.0057674988
0.2730820339,-0.0215662803,0.0112841275,0.0052933863
0.3104076493,-0.0709602476,-0.0228720469,0.0050097484
0.2526311983,-0.0406833703,-0.0166341088,0.0058301212
0.2841682726,-0.0313001126,0.0048204155,0.0051083777
0.2520655089,-0.0008409242,-0.0226354303,0.0054994533
0.2797941395,-0.0658885064,0.0051824674,0.0053821702
0.2804480492,-0.0233130263,-0.0204626322,0.0052757021
0.2802402619,-0.0679475093,-0.0092917977,0.0051578263
0.2714916066,-0.0694474225,-0.0057272207,0.005306393
0.3040536475,-0.0821821651,-0.0225843157,0.0049511004
0.2769595651,-0.0327018001,0.0084224479,0.0052320075
0.2784180742,-0.0518196769,-0.0082372608,0.0053357261
0.265364021,-0.060617085,-0.0015317287,0.0054271815
0.264632104,-0.0647531417,-0.0219334052,0.0057151391
0.275242414,-0.0582437687,-0.0221209764,0.0054838556
0.2628513401,-0.026017299,-0.0068473593,0.0057829788
0.2834601863,-0.0755083524,0.011344321,0.0051962568
0.2641362047,-0.0450833406,-0.0050803374,0.0053871797
0.2976484638,-0.0442602364,-0.0006824438,0.0049200554
0.2831617325,-0.086148461,-0.002764063,0.0052990473
0.2860905307,-0.0494981315,-0.0063091876,0.0051364533
0.2464494554,0.0014655288,-0.0070004092,0.0056673038
0.2792606532,-0.0379644326,-0.0090010581,0.0052225202
0.2913399753,-0.1070530579,-0.0038736413,0.0051409615
0.2686400079,-0.0521261934,0.0068918172,0.0052571027
0.290579738,-0.0977518951,-0.0258248085,0.0053048005
0.2759891913,-0.1007452772,-0.0272828572,0.0055067503
0.2782698033,-0.0816541905,-0.0118946155,0.0053394178
0.2529991412,-0.0560707193,-0.0006016501,0.0055851802
0.2649167633,-0.1005518991,-0.0108977009,0.0054927874
0.2757599345,-0.0957216946,0.0099170364,0.0051745204
0.252360264,-0.0365256022,-0.0018527037,0.005436726
0.2761108357,-0.0116647429,-0.0256803917,0.0054373774
0.2622196396,-0.0590257364,0.0077790724,0.0053513162
0.289135249,-0.0289654832,-0.0072606699,0.0049424784
0.3043446293,-0.1036993113,-0.006506043,0.0048860773
0.3174172502,-0.080318163,-0.0176018377,0.0046143576
0.301830497,-0.0182691089,-0.0085660588,0.004853573
0.3044699081,-0.0361639789,-0.0074548572,0.0048547134
0.2853611448,-0.0320209316,0.0186993525,0.0050258705
0.276536974,-0.0295401048,0.01547794,0.0049558017
0.2926749205,-0.0761310799,-0.0118345109,0.0049733583
0.2889359285,-0.0894204059,-0.0064090042,0.0049988946
0.2892125426,-0.0799029183,-0.0177532418,0.0053027297
0.2723591485,-0.0419316899,0.0027640177,0.0052549438
0.260622957,-0.0499768719,-0.0159325075,0.0055192758
0.2603157534,-0.0720314336,-0.0116503737,0.0057089177
0.3070025822,-0.0890055438,-0.0078238909,0.0048406269
0.2838231106,-0.0561731027,-0.0028321494,0.0052152355
0.2141300486,-0.043522104,-0.0036695078,0.0062555913
0.2667373819,-0.04431662,-0.0080853496,0.005410374
0.2603052701,-0.0602535302,-0.023252617,0.0054952902
0.2769872275,-0.0851538112,-0.0102094924,0.0053631391
0.3033406218,-0.0685319733,-0.0195866965,0.0050648925
0.2901827023,-0.0382429428,-0.0061976676,0.0049767409
0.2724075827,-0.0580327629,-0.0072590933,0.0052821707
0.2831875815,-0.0442095747,0.0104388968,0.0051733053
0.3184979124,-0.1041795982,-0.0166127149,0.0047033727
0.2587751776,-0.0993157892,-0.0184954481,0.0058058628
0.2854473372,-0.0376033597,-0.015233694,0.0049533059
0.2944452206,-0.0757301561,-0.0029855179,0.0050960236
0.2757847174,-0.0522288054,-0.0099892161,0.0054494222
0.278795613,-0.0277920094,-0.0066749676,0.0052214739
0.2900834643,-0.0610890501,-0.018951514,0.0051376137
0.2858085158,-0.0731947033,-0.0158558717,0.0053742609
0.2837820394,-0.0426674004,-0.0151407927,0.0053866441
0.3110327666,-0.0751186142,-0.0082726537,0.0046252099
0.2661320692,-0.074741724,-0.0073837805,0.0053996107
0.2903570952,-0.0815005939,-0.0241713181,0.0053697769
0.2876825598,-0.0032869316,-0.0262983908,0.0051537116
0.2886267571,-0.0463418624,-0.012416906,0.00525791
0.2854222362,-0.0226334837,-0.0064344898,0.0051478684
0.2732249794,-0.0470789999,-0.0033916528,0.0053836462
0.2886407056,-0.0436221956,-0.0146159773,0.0052138819
0.2511553578,-0.0103043346,-0.0065732327,0.0055417412
0.2845611499,-0.1023196678,-0.0174294714,0.0053208867
0.2948097673,-0.0948262962,-0.0157586343,0.0052907361
0.3007614959,-0.0917416351,-0.0019832336,0.0048673817
0.2944217568,-0.0757101748,-0.0145099269,0.005080234
0.2639759718,-0.0475375901,-0.0052326317,0.005486186
0.2645877721,-0.0659103597,0.0173333608,0.0051442429
0.2930035223,-0.0706351278,-0.0137795474,0.0050987535
0.3062213582,-0.0480447984,-0.0330605817,0.0050477996
0.2485531719,-0.0294892765,-0.0187050398,0.0056563145
0.2940410689,-0.0585048452,-0.0275033945,0.0051382403
0.2938248118,-0.1018813079,-0.0238377059,0.0054747077
0.2836175073,-0.0895507343,-0.0021260017,0.0053203884
0.2454639741,-0.0359246564,0.0073805364,0.0059082159
0.2578502885,-0.0429155495,-0.0166557182,0.0057124682
0.2949205697,-0.0482139579,-0.0084069007,0.0049407194
0.2930727933,-0.0653509607,-0.0113184318,0.0049183206
0.2777995741,-0.0603380791,0.0066028828,0.0052344334
0.276431246,-0.0568390409,0.0033914225,0.0052829666
0.3008932068,-0.0316968488,0.0219886095,0.0044955206
0.3019214536,-0.0093351798,-0.0220316713,0.0049864499
0.2734627334,-0.0807901742,-0.032852335,0.0056521126
0.2874943021,-0.1285952623,-0.0283219966,0.0055537364
0.2944893747,-0.0420423181,0.0048274243,0.005000527
0.2406515557,-0.0703742022,-0.0041494507,0.0059389342
0.2972677041,-0.035183485,0.0266877858,0.0047112854
0.2939521762,-0.0930849034,-0.0079837093,0.0052176379
0.2819646622,-0.0595021728,-0.0084730503,0.0049814647
0.2973157416,-0.055069706,-0.0119480143,0.0051276792
0.2884792236,-0.071434069,-0.0161124614,0.0054054766
0.2997445868,-0.0452439722,-0.0018445041,0.0049257025
0.2459345779,-0.0216536823,0.010091709,0.0055168093
0.2740456523,-0.0531378747,-0.0133325744,0.0054809671
0.2873371071,-0.0823721457,0.0034066796,0.0053642798
0.2890679514,-0.0548864021,-0.0086966017,0.0050446858
0.279631735,-0.0908327233,-0.0041600225,0.0055717051
0.3070579464,-0.0637853746,-0.0009361078,0.0046300953
0.2877778692,-0.0821309722,-0.0099274756,0.0052980619
0.2832879343,-0.0548706757,-0.0009847296,0.0053375204
0.2938629608,-0.0586319316,-0.005618832,0.0049458216
0.2572133242,-0.0677974594,-0.0166216743,0.0056610762
0.2678267414,-0.0497888523,-0.0016568302,0.0054980885
0.3157515945,-0.0942004646,-0.0139868688,0.0047992882
0.2670354733,-0.0273742518,-0.0022029926,0.0053526079
0.3016439417,-0.0372260665,-0.0029230419,0.0044730081
0.270567808,-0.1104394518,-0.0229407746,0.0055792495
0.2796730572,-0.0217576214,-0.0169538292,0.0053810765
0.3208148496,-0.0942355226,-0.0210038447,0.0049792094
0.2785323912,-0.0330862188,-0.0118772257,0.0053778127
0.2993345571,-0.0422991291,-0.0055842399,0.0049428904
0.3086795135,-0.0837747527,-0.0242435779,0.0047328519
0.2612739056,0.0187281851,0.0088193948,0.0054643441
0.3100729474,-0.0460794336,-0.0142392459,0.0048298768
0.2914307943,-0.0844628989,-0.0193475564,0.0051898826
0.3016708818,-0.0660251892,-0.0122847494,0.004795842
0.2994268333,-0.0830074449,-0.0065639965,0.0049188596
0.270187662,-0.0352317656,0.0053496772,0.0051796368
0.238764462,-0.0582960506,0.0006124065,0.0060185274
0.262137862,-0.0692663442,0.0017826004,0.005670899
0.2929035507,-0.0936297147,-0.0175704256,0.005050136
0.3011917498,-0.0626797891,-0.015967434,0.0047850464
0.3126221008,0.0054919329,0.0080167694,0.0042687178
0.3295703068,-0.0632281656,-0.0253954215,0.0045154466
0.2567156854,-0.0500475434,-0.026176448,0.0057598358
0.2926846925,-0.0567543205,-0.0178962412,0.0052607445
0.2801227032,-0.0418758491,0.0225849127,0.0050053854
0.2890067546,-0.0724957237,-0.0129484186,0.0052236641
0.2813173546,-0.0833840564,-0.0008260186,0.0053471081
0.2866142119,-0.0283741905,0.0073641563,0.0052309586
0.254166808,-0.070521936,0.0235322237,0.0053769754
0.2762347686,-0.0607192058,0.0020763567,0.0053638162
0.283528514,-0.0527706244,0.0026660766,0.0051442032
0.2478768024,-0.0271366194,0.0091104786,0.0057854641
0.2400694588,-0.0841993558,0.0113689719,0.0057803073
0.3287856771,-0.0681574015,-0.0343696287,0.0047794887
0.3086691014,-0.0696254851,-0.0159423507,0.0048973783
0.2898867914,-0.0627992952,-0.0034021685,0.0053069447
0.2903212761,-0.084818471,0.0097573311,0.0050352107
0.2735113379,-0.0732719484,-0.0190273363,0.0055290274
0.2995336289,-0.0717971613,-0.000597995,0.0049305707
0.3148895766,-0.0527133644,-0.0238576465,0.0047027617
0.2721840636,-0.0748187337,-0.0299645796,0.0056356293
0.2948905727,-0.0524528326,-0.0299247895,0.0051931815
0.3027397117,-0.108983214,-0.0285435877,0.0051200677
0.2663649143,-0.044005165,0.01009119,0.0053605948
0.3088472407,-0.0883257709,-0.0222907327,0.0049000427
0.2919293264,-0.044415168,-0.0155769792,0.0051820423
0.2786721558,-0.0742817225,-0.0323731016,0.0055485588
0.2520502307,-0.0107947984,-0.0046409174,0.005576828
0.2691297586,-0.0403348968,-0.0038938679,0.0054709559
0.299215208,-0.0790334599,-0.0227379472,0.0051427708
0.2734203314,-0.0510837006,0.0024147165,0.0053152733
0.3123159315,-0.0850387047,0.0065593108,0.0045280889
0.3029925328,-0.0339658258,0.0019650634,0.0047504832
0.2468475873,-0.0597326934,-0.0109198023,0.0058334234
0.3006476134,-0.050115738,-0.0035004749,0.0051220068
0.3116982087,-0.0961925846,-0.0535984529,0.0051521247
0.2719319698,-0.036640306,-0.0190508276,0.0053306011
0.2834090894,-0.0713837465,0.009835261,0.005025216
0.2567658363,-0.0299754068,-0.0088535613,0.0056971179
0.3223591785,-0.061173921,-0.0101327105,0.0045550604
0.2418415994,-0.0524283465,0.0061556161,0.0057856124
0.2962676874,0.0089155939,-0.0133217967,0.0047754079
0.2696688565,0.0082298764,0.0159268627,0.0052705685
0.3214766652,-0.0364820508,-0.0007678269,0.0043764332
0.2841886005,-0.068583331,-0.0102365031,0.0051968123
0.2486760071,-0.0254709084,-0.0155762176,0.0058005572
0.311206199,-0.0703077868,-0.0093320597,0.0048556242
0.3268067238,-0.034060525,-0.0016479662,0.0041735243
0.2776019931,-0.0295000597,-0.0371323031,0.0054554298
0.2944525306,-0.0981136381,-0.0211728636,0.0052517362
0.3133046782,-0.0861996397,-0.0014446006,0.0046911884
0.3317381128,-0.0742384667,-0.0370531214,0.0045498712
0.2594310427,-0.080452609,-0.0053503276,0.0057246593
0.2927582396,-0.1059389528,-0.024320304,0.0051750949
0.2731725169,-0.0356038939,-0.023257331,0.0054241462
0.2824576573,-0.0260839819,-0.0174250225,0.0054946268
0.2838235276,-0.0838182701,0.0122747981,0.0051174575
0.3290165145,-0.0745418344,-0.0139406373,0.0046288632
0.2918841202,-0.0522906331,-0.0102823119,0.004968159
0.2527724288,-0.0473817742,0.0044648155,0.0055883635
0.2725315757,-0.0604407191,-3.13557e-05,0.0053324106
0.2907457058,-0.0829234651,-0.0060995013,0.0049830494
0.2825033744,-0.0994437104,-0.0144494182,0.0051485474
0.2917532655,-0.0461094712,-0.0134610025,0.0051355268
0.3068416888,-0.0365651006,-0.0293454254,0.0051214786
0.2876555277,-0.0632316209,-0.0023908609,0.0051333018
0.2769198139,-0.0603523062,-0.0044467323,0.0053699512
0.3120896005,-0.0661153839,-0.0282730132,0.0049166545
0.302103357,-0.084071089,0.0040022602,0.0047005233
0.2713049867,0.001685569,-0.0031456521,0.0051322281
0.2841823238,-0.031248185,-0.0165292272,0.0054773836
0.2500354745,0.0172383185,0.0195225247,0.0053617419
0.2943264702,0.0122310205,-0.0162262945,0.0049731189
0.2773145395,-0.0350563416,-0.0292783351,0.0052593416
0.2830324552,-0.0958427197,-0.0134096733,0.0052545772
0.2845847671,-0.0641434859,-0.029785399,0.0055055078
0.2831059802,-0.0680390756,-0.0059047379,0.0051407941
0.289919367,-0.0587125977,-0.0112663831,0.0051716942
0.2773660482,-0.0333741049,0.0013206991,0.0051668309
0.2474809678,-0.0127676811,0.0042068317,0.0055522652
0.2820906801,-0.0647324045,-0.0204169779,0.0053739782
0.3141625009,-0.0685303592,-0.0094268186,0.0046716326
0.285145335,-0.0313836578,0.004647059,0.0050716215
0.2832767366,-0.0675607217,-0.0125117533,0.0051177803
0.3022960888,-0.0373648462,-0.0192973363,0.0050184714
0.2598700028,-0.0216093789,-0.0137503085,0.005568268
0.2546492263,-0.0208700959,-0.0009490301,0.0054797894
0.2928902044,-0.0312695078,-0.0320633212,0.005163944
0.2714454824,-0.0593885846,-0.0169173127,0.0054671299
0.2894014111,-0.0618570279,-0.0051893113,0.0051959305
0.2930765579,-0.0852334427,-0.0086892789,0.0048025421
0.2834184856,-0.046113291,-0.0093721528,0.0051539501
0.3154211543,-0.0837763217,0.0106109705,0.0047237687
0.3193239823,-0.0312080635,-0.0072080071,0.0044928097
0.2621680626,-0.0283201488,-0.0114825732,0.0056142005
0.2706561221,-0.0473032553,-0.0357723909,0.0056953989
0.2768685432,-0.0901747154,0.0034180164,0.0049356206
0.2689035217,-0.0684896939,-0.0193675881,0.0053490955
0.2548314349,-0.013473119,0.0039258611,0.0056081813
0.2685170466,-0.0456664543,-0.0112062303,0.0054269175
0.3133325258,-0.0809108723,-0.0187973945,0.0048325707
0.283739847,-0.0678145173,-0.006784422,0.0051893342
0.2848177398,-0.0510557485,-0.0289394657,0.0053748652
0.2867625682,-0.054051228,-0.0010048811,0.0048900579
0.2734880262,-0.0497643632,-0.0091321556,0.0053793897
0.3222477684,-0.0351161864,-0.0307723266,0.004772227
0.2753280102,-0.0300229443,-0.0162369282,0.0053290893
0.2857600378,-0.0580341004,-0.0244711566,0.0052385306
0.2588650259,-0.074710525,-0.0166654237,0.0057987668
0.2813580242,-0.0436746158,0.0137109986,0.0052734115
0.2662782243,-0.0385981637,0.0104206107,0.0052354107
0.2823026686,-0.0057284578,-0.009614468,0.0051896897
0.3017937492,-0.087209863,-0.0229053974,0.0051239013
0.2855850361,-0.0035953271,0.0180766196,0.0050187285
0.3234208535,-0.0165467225,-0.0235648482,0.0045079439
0.2781149213,-0.0651249652,-0.0307800638,0.0054152853
0.3120603203,-0.0792880943,-0.0072336714,0.0048219528
0.3055933425,-0.0746809333,-0.0247233457,0.0050031397
0.2817913016,-0.0316884477,-0.0097327292,0.0052498461
0.2946132494,-0.0438181117,-0.0224181645,0.005234461
0.2687414484,-0.0212716404,0.0094345588,0.0052699897
0.3006585438,-0.0561657936,-0.0116444259,0.005032571
0.247534359,-0.0479968191,-0.0049006079,0.0058153967
0.3003453033,-0.0686863283,-0.008002203,0.0048349726
0.2902879744,-0.0263831095,-0.0110637979,0.0051956768
0.3034452952,-0.0580952913,0.0122778286,0.0044967585
0.2917233919,-0.107642534,0.0084140568,0.0049790532
0.2683602265,-0.0525815879,0.0241499161,0.0053395944
0.2868979143,-0.0655225754,-0.0022290179,0.0051140382
0.2600692641,-0.0637270141,-0.0285157979,0.0056683468
0.273427795,-0.0541669356,-0.0001769425,0.0053939355
0.262664071,-0.0105366047,-0.0169216334,0.0055130196
0.302553469,-0.0170747393,-0.0165712438,0.0051599272
0.320421892,-0.0554457288,-0.0253013466,0.004541685
0.3188281196,-0.0888959627,-0.0353336976,0.0049112776
0.2724786055,-0.0090084715,-0.0198592549,0.0052959701
0.293322164,-0.0574420438,-0.0185278815,0.0052836805
0.2932375612,-0.066734403,0.002817696,0.005021315
0.2870856961,-0.036193086,-0.0092908215,0.0052207628
0.3044172956,-0.0813728675,-0.0248523202,0.004903778
0.2975665665,-0.0445140545,-0.0112670274,0.0053159766
0.2810664019,-0.0563110788,-0.0221212446,0.0053923033
0.3066525629,-0.0546422287,-0.0239271689,0.0048560582
0.2589551259,-0.0336349884,0.0107680145,0.0053176786
0.2828670751,-0.0612960932,-0.0175499091,0.0053785034
0.2806385517,-0.0461170974,-0.0167876489,0.0052435647
0.2618842419,-0.0458119662,-0.0018269979,0.0055350349
0.285862891,-0.0213673406,-0.0030564832,0.0050450271
0.2661501857,-0.064205713,0.0155528527,0.0051954259
0.2970811284,-0.0544170751,-0.0052425444,0.0049851978
0.2805600619,-0.0505780646,-0.0010949257,0.0050561612
0.3211170554,-0.0579260555,-0.0209643147,0.0047939456
0.2659513073,-0.0874181902,-0.0367802953,0.005663849
0.2614415329,-0.0686368404,0.0119518371,0.0053584929
0.287690574,-0.0427000447,0.0109862215,0.0049959671
0.2976228461,-0.0662582646,0.0154731176,0.0048035886
0.3071411281,-0.0971177903,0.0128023127,0.0048266831
0.3023470107,-0.0911066367,-0.0297397064,0.0049476942
0.2696028952,-0.0506155782,-0.0334517533,0.0056168699
0.3204375109,-0.079455299,-0.008027725,0.0048828051
0.2989398017,-0.0392127489,-0.0069370302,0.005101057
0.309855423,-0.0264469453,-0.0003130709,0.0046764141
0.282598708,-0.0372591136,-0.0105580347,0.0052571565
0.2837933997,-0.0860130395,-0.0178069408,0.0052177237
0.253416463,-0.0543847258,0.0006495245,0.0055132416
0.2828780253,-0.1147155867,-0.0476189502,0.0056221161
0.2986353231,-0.0938269323,-0.0293219409,0.0052949431
0.2701406224,-0.0134468062,-0.0022713059,0.0053249076
0.2848564858,-0.0258563926,0.0036184217,0.0050773493
0.3109303846,-0.0397309616,-0.0094346095,0.0048830128
0.3099595009,-0.0359520932,-0.0092317778,0.0046749035
0.3064304121,-0.0394304051,-0.0153725045,0.0049053887
0.2856318141,-0.0707880479,-0.0014875071,0.0051760247
0.2809138032,-0.1199694258,-0.0427696675,0.0054592188
0.2640690276,-0.004795773,-0.0006163176,0.0053975539
0.3142993539,-0.0856148801,-0.0197359247,0.0047393924
0.271385607,-0.0165323683,0.0081533052,0.0052899356
0.2899095111,-0.0571886028,-0.0417578114,0.0053066548
0.2604245587,-0.0395834474,0.0044821642,0.0055695593
0.3086707726,-0.0726512836,-0.0117832826,0.0049648971
0.3090730468,-0.025510885,0.0016204352,0.0047032228
0.2589537344,-0.0110996062,0.010090172,0.0054443155
0.3098053848,-0.087021733,0.0220588003,0.004464752
0.3006743087,-0.0841136789,-0.0263836825,0.0050360369
0.3376707375,-0.0703902258,-0.0038135829,0.0044322648
0.2703237253,-0.0432835968,-0.0064932921,0.0054193462
0.2153763976,-0.0740727822,0.0135999233,0.0061145231
0.2797847953,-0.0413194517,-0.0171523219,0.0053782487
0.2721888592,-0.0441402831,-0.0057688511,0.0053841523
0.2532343747,-0.0448209678,-0.0071664565,0.0055560236
0.2996758567,-0.0406321359,-0.0162465999,0.0050333364
0.2862172124,-0.1319867758,-0.0259976287,0.0053317621
0.2767539529,-0.0408913311,-0.0014263116,0.0053663689
0.2669435301,-0.0805539701,0.0107640918,0.0052507124
0.2862809536,-0.080781269,-0.0099902084,0.0053203647
0.3056523382,-0.0201500198,-0.008994562,0.0047335568
0.3035784171,-0.0377019192,-0.0193005895,0.0048622701
0.277013889,-0.0290383537,-0.0009954724,0.0050599415
0.3009506059,-0.0954085704,-0.0255166405,0.0049749702
0.2929642718,-0.0762868363,-0.0022021644,0.005102245
0.3232348495,-0.1140568497,-0.0267543676,0.0045965048
0.2847377461,-0.0778905437,-0.0055043598,0.0053071384
0.2756753746,-0.0781803952,-0.0111936384,0.0054844016
0.2799120843,-0.0364375544,0.0028542932,0.0052387689
0.2967018776,-0.0546663204,-0.0134740801,0.0051191815
0.2991580825,-0.1020676432,-0.0024458357,0.005006543
0.2689780144,-0.0110195042,0.0049594386,0.0052425074
0.2887001406,-0.0765954481,-0.0184685748,0.0054604036
0.2546012345,-0.0544807387,-0.0062717128,0.0055868566
0.2737397323,-0.0577686826,0.0074238486,0.0049942663
0.2808714243,-0.0485956705,-0.009429546,0.0051909444
0.2921708821,-0.0237695853,-0.0175834915,0.0049459375
0.2767198513,-0.0408457213,-0.0097608531,0.0052953221
0.285981584,-0.0579214705,0.0033287415,0.0049715312
0.252203123,-0.083432264,0.0222940359,0.0055662819
0.268763474,-0.0777981768,-0.0225061557,0.0055864355
0.3065182151,-0.1098305304,-0.0231529327,0.0051018315
0.2716200444,-0.0754307855,-0.0022727003,0.0052008504
0.3175754105,-0.04522623,-0.0163167761,0.0047232511
0.2989788631,-0.0804190952,-0.0091614936,0.00491404
0.2372710676,-0.0023558495,-0.0165552693,0.0060506166
0.2627582176,-0.0838083971,0.0006137559,0.0054659764
0.2834746611,-0.0782876987,-0.0284872455,0.0053163043
0.3301261908,-0.0788788347,-0.0332518009,0.0045665053
0.2815784603,-0.0391097826,-0.0064635553,0.0051772285
0.2442726253,-0.0470446602,-0.0153362473,0.0058961746
0.3190290538,-0.0798443108,-0.0278226562,0.004743806
0.2835692225,-0.1113486756,-0.0292344397,0.0053470051
0.2788470483,-0.0750540649,-0.0304989378,0.0055063553
0.2953951986,-0.1052622386,-0.0316213342,0.0053735331
0.2998084033,-0.143994833,-0.0024211797,0.0047438288
0.2914420624,-0.0653186347,-0.0050154242,0.0050936002
0.2768274718,-0.0957715731,-0.0048781947,0.0054515048
0.2594795754,-0.0719914656,0.0059453257,0.0055759632
0.2999094054,-0.0465822086,-0.0041178051,0.0050034355
0.2651051895,-0.110613391,-0.0193216039,0.0056852581
0.2730923845,-0.0221643459,0.0050883694,0.0051836724
0.3011255421,-0.0956884242,-0.0094190321,0.0049874648
0.2682430413,-0.0527658417,-0.0047818725,0.0053648263
0.2724982411,-0.0481019688,-0.0167176531,0.0054132991
0.3007814771,-0.0433343302,0.0080933239,0.0046354193
0.3094860678,-0.0414335875,-0.0108050429,0.0048130211
0.2936576141,-0.0360524528,-0.0078056887,0.0048967461
0.3124565247,-0.0757638549,-0.015091201,0.0048625367
0.2926952748,-0.1035540586,-0.0188354492,0.0052644897
0.2879204102,-0.058056911,-0.0143221189,0.0047736947
0.2708618565,-0.0865396112,-0.0044201611,0.0056136796
0.2914298222,-0.0629826489,-0.0321256545,0.005361312
0.2647800902,-0.0122707483,-0.0042424807,0.0055063341
0.3034524402,-0.0316178142,-0.0038011278,0.0048252452
0.2795164012,-0.0505714961,-0.0043076314,0.0051773357
0.2915829492,-0.0764149688,-0.0093635103,0.0050211661
0.2853218644,-0.0356397132,-0.0085653205,0.0050218748
0.2367852511,-0.0355469851,0.0072133041,0.0057057133
0.3066763079,-0.0702951364,-0.0291204119,0.0051400855
0.2726820777,-0.0318255329,-0.0181411147,0.005456361
0.3056960187,-0.0699185232,0.0019386383,0.0048436611
0.3081813154,-0.0189871651,-0.0150575637,0.004788279
0.2812115298,-0.0241263408,0.0044612086,0.0052136097
0.2625813826,-0.0900234623,0.0041973788,0.0056757766
0.2738680205,-0.0843256492,-0.0235894518,0.0053327054
0.3097587715,-0.0661924439,-0.0144577241,0.004858929
0.2885483564,-0.0776540132,-0.0078286888,0.0050229122
0.2662415595,-0.0541940568,0.0028039438,0.0054330282
0.2554400046,-0.020098296,-0.0001541117,0.0053955418
0.3031655641,-0.0726635723,-0.0301577126,0.0051957313
0.29260594,-0.0515406516,-0.0011454055,0.0051169366
0.2725552948,-0.0319141315,0.0013944641,0.005190988
0.3423483129,-0.0502230262,-0.0401421522,0.0045895399
0.3029530358,-0.0538966829,-0.0305926657,0.0050560616
0.3033781415,-0.0793026943,-0.0227423347,0.0051186133
0.3155774474,-0.0681274094,-0.0045902953,0.0046550683
0.3020849441,-0.0888899791,-0.0011600972,0.0049451423
0.2796512522,-0.0571872706,-0.0010493627,0.005266147
0.2724593241,-0.0407094342,-0.0003960208,0.0054472152
0.2848243129,-0.0558953677,-0.021121236,0.0052474977
0.2640762323,-0.0341104179,-0.0047103939,0.0053555967
0.2699248287,-0.0709576049,-0.0175802107,0.0054692334
0.2843908916,-0.0571335275,-0.0026281489,0.0051598862
0.287876739,-0.0595668311,-0.0188467523,0.0053084321
0.3023444581,-0.0756186323,-0.0283148491,0.0050313854
0.3029178142,0.0047386109,0.0038100909,0.0049222064
0.2570780854,-0.0584581789,-0.023642464,0.0056774483
0.3108395394,-0.0618757237,-0.0065557904,0.0048564611
0.260668951,-0.047966507,-0.0265153971,0.005779371
0.3244803029,-0.0798658238,-0.0319165394,0.0046957812
0.2770462035,-0.0099999904,-0.0120232685,0.0052069504
0.2964422492,-0.0565313077,-0.0278030083,0.0049258036
0.2770757853,-0.0427844395,0.0077020438,0.0051274675
0.2329835653,-0.0297021635,0.0169801046,0.0056366991
0.2927794974,-0.074136796,-0.008862482,0.0050792823
0.2841317827,-0.048258661,-0.0165802769,0.0050078882
0.2933143007,-0.0808023791,-0.0046033778,0.0050290101
0.281753363,-0.0364369389,0.0139299519,0.0050204466
0.304956047,-0.0795923657,-0.0182088376,0.0049846783
0.3012890401,-0.069471489,-0.0124509413,0.0049890043
0.2860030745,-0.0906494637,-0.0039464834,0.005073604
0.2970920913,-0.0655730786,-0.0101792404,0.0050035839
0.3152723347,-0.0440439512,-0.0046275406,0.00457705
0.2541867096,-0.090675136,0.0057855223,0.0056078132
0.2629943362,-0.0300710715,0.0147796042,0.0051834015
0.2605049827,-0.0523542214,-0.005921684,0.0056600733
0.2831748519,-0.0775958239,-0.0064435718,0.0053983403
0.2744598645,-0.0562869504,-0.0129913047,0.005219453
0.2988505886,-0.0327569491,-0.0087186827,0.004898088
0.2762863825,-0.0297482423,-0.0119364582,0.0054331055
0.2734781164,-0.0562289614,-0.0093697313,0.0054615956
0.2962330153,-0.027321928,-0.0160745337,0.005142507
0.2822389845,-0.0387978388,0.0119157397,0.0050748031
0.2922236374,-0.0452927247,-0.0246560007,0.0049968494
0.2834526756,-0.0226346171,0.0093854686,0.0049438228
0.2920514357,-0.0520931016,-0.0231109202,0.0050811259
0.3152922508,-0.0798534027,-0.0083922661,0.0047352153
0.2881668244,-0.0715594972,-0.0236308625,0.0053302031
0.3029651935,-0.0966461734,-0.0217075257,0.004953965
0.2629568194,-0.0454980989,0.0094790929,0.0052899551
0.280627926,-0.066583937,0.0003413316,0.0052768956
0.3147968132,-0.0631926705,-0.0123714556,0.0047260921
0.3127910067,-0.0607747198,-0.0196316943,0.005094901
0.2950207843,-0.0309556891,-0.0284686298,0.0052275672
0.3038950609,-0.0289801286,-0.0176808147,0.0049291284
0.3161955084,-0.0578554182,-0.00708361,0.0046561721
0.2921348046,-0.0723100568,0.0132265359,0.0048789301
0.2687738282,-0.0484636254,-0.008113608,0.0054222587
0.3103045436,-0.0505648808,-0.0202142472,0.0050802354
0.3077896365,-0.0843230104,-0.013683057,0.0049319928
0.3037404823,-0.1091632397,-0.0260447548,0.0048448154
0.2894763439,-0.0724770764,-0.0099439339,0.0051700106
0.2557621638,-0.065843508,0.0028566605,0.0054932688
0.3520561592,-0.1008665842,-0.018092598,0.0044194391
0.2831186514,-0.0748858423,-0.0141152427,0.0049953485
0.2876586856,-0.0295735107,-0.0284712729,0.0052642372
0.2726739197,-0.0674048939,-0.0058069902,0.0053382139
0.2856501613,-0.0605745717,-0.0200517894,0.0052010051
0.2896047208,-0.0908116794,-0.0211087032,0.005256484
0.266092588,-0.0199804643,0.0098785549,0.0051802511
0.2865323578,-0.0682620199,-0.0143052637,0.0052744848
0.2753202094,-0.0598476127,0.0054928195,0.005348477
0.3098893274,-0.0498217811,-0.0200774741,0.0049213491
0.2553292964,-0.062592206,-0.0209387255,0.0055819982
0.2972642427,-0.0145405514,-0.0376503397,0.0051142576
0.3104931701,-0.0732019441,0.0025848782,0.0045848266
0.2841318866,-0.1023084256,-0.0275335558,0.0053619623
0.3085652665,-0.0946328843,-0.0070531314,0.0049024935
0.27215258,-0.093453664,-0.0236186961,0.0054318109
0.291581255,-0.023207949,0.0189944506,0.0045101124
0.2868605832,-0.0566382404,-4.04765e-05,0.0052707367
0.3013371136,-0.0485013214,-0.0320972121,0.0050652623
0.2840841196,-0.0567597523,-0.0312041675,0.0052226171
0.2825402434,-0.0642812349,-0.0216097986,0.0055069539
0.2885597445,-0.0738029755,-0.0054760768,0.0051591194
0.319302104,-0.0750486287,-0.00271913,0.0044325707
0.2716941943,-0.0310245407,-0.0088376697,0.0051240422
0.2677967382,-0.0662418952,-0.0242572701,0.0054573592
0.2685097494,-0.0515554057,-0.0167882903,0.0056146514
0.277829894,-0.1376433814,0.0015341107,0.0053757511
0.2665622952,-0.0953959967,-0.0067700078,0.0054769273
0.2562415175,-0.0272871965,0.0066010026,0.0053155329
0.3069073506,-0.0536597009,-0.0225062617,0.0048467823
0.292866163,-0.0722031737,0.0075036765,0.0049216372
0.2647179778,-0.0060102474,0.018227854,0.0050611549
0.2676340879,-0.0354680588,-0.0159257937,0.0053478867
0.2873227658,-0.0457323639,-0.0182776218,0.0053413805
0.3317202473,-0.045481374,0.0145981666,0.0040758872
0.3012364488,-0.1062378735,-0.0111560129,0.0050409389
0.2900535818,-0.0361453228,-0.0128910286,0.0049431092
0.2733016303,-0.057287281,-0.0100932582,0.0055427543
0.2653385,-0.0265458249,-0.0129439217,0.0055378933
0.2527800475,-0.0422767098,-0.001474733,0.0060497094
0.2684691218,-0.0207211391,-0.0013737691,0.0053246541
0.2740840258,-0.0723799827,-0.0055960661,0.0052505567
0.2444235617,-0.0133858539,0.0063338195,0.005532434
0.2988525108,-0.0331471935,-0.0190732823,0.004912373
0.2959902351,-0.0452524977,-0.011242291,0.0051101957
0.3104900391,-0.0149618465,-0.02266401,0.004927665
0.2573943963,-0.0558664457,0.0057964167,0.005528339
0.2575554539,-0.0196051857,-0.0101782142,0.0058052675
0.2960017826,-0.0538149933,-0.0137881501,0.0050432009
0.2638851623,-0.0978056827,-0.0212233817,0.0058194139
0.2764693389,-0.0477506632,0.003154859,0.0052605721
0.3104115953,-0.041159216,-0.0300601072,0.0047192773
0.3000368919,-0.0421694846,0.0035753983,0.0047225791
0.2776519758,-0.0593696273,-0.00880066,0.005219153
0.2675893788,-0.0431094042,0.0026867177,0.0053253235
0.2476098284,-0.0229104652,-0.0057989107,0.0056940642
0.267560497,-0.0568290011,0.0045926305,0.0055051778
0.2913382468,-0.0771225464,-0.0036324976,0.0050985948
0.2775007407,-0.0469391408,0.0167542862,0.0050917283
0.2865366778,-0.0517282518,0.0010812844,0.0049612957
0.3151708961,-0.0484419775,-0.0330576873,0.0048835698
0.2861336431,-0.0881459603,-0.0099528286,0.0053415728
0.2763844313,-0.0524573661,0.0063942083,0.0051664433
0.2799163115,-0.0675378214,-0.0250946205,0.0053991984
0.2903526558,-0.04632832,-0.0067036345,0.0049935742
0.2785741558,-0.0306312732,0.0210471825,0.0048395047
0.2978649229,-0.0861857574,-0.0495946321,0.0053217344
0.2499325328,-0.0640984914,-0.0155987205,0.0056108144
0.3271129264,-0.0848592205,-0.0101859486,0.0046074718
0.2910687946,-0.0382444124,0.0071877249,0.0050682317
0.2915175182,-0.072696884,-0.0331569738,0.0052270206
0.2773044284,-0.0354926309,0.006031283,0.0050713857
0.2923814349,-0.0507979127,-0.0035535222,0.0051287006
0.2643547281,-0.0667440418,-0.0396644361,0.0056600872
0.2808728558,-0.083858561,-0.0175267135,0.0052291328
0.3063049363,-0.0464372975,-0.0240416619,0.0048002627
0.3085425087,-0.1002736556,-0.007147662,0.0049703843
0.3231402458,-0.0547231527,-0.0225139521,0.0046829752
0.2797587565,-0.0067833927,0.0035071786,0.0050594874
0.2738924306,-0.0104843265,-0.0083581191,0.0055091874
0.2813156584,-0.0400252876,0.0079388255,0.0051820349
0.3074712938,-0.0963746301,-0.0204182135,0.0049748697
0.3065414509,-0.0348517269,-0.0019120093,0.0046571267
0.2788143773,-0.0399402147,-0.005837129,0.0050564924
0.2970495622,-0.0791820752,-0.0064777089,0.0050492695
0.2798571007,-0.0679510758,-0.0153394368,0.0053017751
0.2689377764,-0.0754671137,0.0050872039,0.0054065089
0.2773868591,-0.1277670916,-0.0059119095,0.0054841793
0.2748630299,-0.1039373629,-0.0254733449,0.0055337793
0.2802931361,-0.0559594339,-0.0022282624,0.0050852523
0.2467192906,-0.098844254,-0.0210732887,0.0058160998
0.2885300234,-0.0281538049,-0.015809531,0.0051012532
0.2938571379,-0.0523306408,0.0224146216,0.0048282882
0.2751890193,-0.0919182852,-0.0078109809,0.0055091018
0.2717509735,-0.0816168085,-0.0273895874,0.0056354532
0.2572579105,-0.0115042747,0.0026534691,0.0055301369
0.3231715375,-0.0496646061,0.0066792401,0.0045103263
0.2600358447,-0.0815342276,-0.0177834951,0.0057499448
0.2476029411,-0.0742811065,-0.0065302328,0.0057763174
0.2664055811,-0.1088963384,-0.0012412363,0.0055100086
0.2957885189,-0.0943767296,-0.0041772976,0.0050639753
0.2791922246,-0.0742589341,-0.0204871703,0.005565662
0.3077896025,-0.0746720286,-0.0244631923,0.0049625458
0.2815469347,-0.0674797069,-0.0212858288,0.0054343622
0.3098180577,-0.0876490525,-0.0410639279,0.0051137502
0.3094567651,-0.0848267296,-0.006561646,0.0046363152
0.2530439818,-0.003722922,0.0136903243,0.0055318151
0.2764593426,-0.0523233516,0.0025930549,0.0051658835
0.3403239076,-0.083375894,-0.0134999675,0.0046230186
0.2640382315,-0.0556910337,-0.0100771174,0.005622191
0.2938809965,-0.0923854165,-1.24458e-05,0.0049775385
0.2957938158,-0.0672398979,0.0112668403,0.0047744085
0.3121713214,-0.0773642007,0.0036139171,0.0045713777
0.2784378683,-0.0612914918,-0.0280922508,0.0053604646
0.2702580309,-0.0303097703,-0.0071017392,0.0052182418
0.2904482983,-0.0580144721,-0.0095333115,0.0050792534
0.241280083,-0.0266075899,-0.0019421579,0.0057793307
0.2730734402,-0.0357078228,-0.0171697537,0.005322952
0.2778662074,-0.1023258987,0.0070379862,0.0049081019
0.3012138493,-0.0685866388,-0.0122981071,0.0051240159
0.2791885516,-0.0507817259,0.0127552163,0.0049260436
0.277217069,-0.0367530435,-0.0099195278,0.0053257839
0.2857311429,-0.0605882888,0.0018650116,0.0051004978
0.2932656986,-0.0775271054,-0.0294824866,0.0052670792
0.2634701298,-0.0345887212,-0.0191430764,0.0055609742
0.2843393488,-0.0820199369,-0.0024411136,0.0052173803
0.3240995272,-0.0617660513,-0.0150131263,0.0044665784
0.290223135,-0.0679998594,-0.0156219225,0.00518893
0.3104636504,-0.0815010446,-0.0052547406,0.0045938725
0.2996536099,-0.0165935383,-0.0449602787,0.0050261707
0.2897529229,-0.0557131734,-0.0113254164,0.0050814488
0.2682633847,-0.0790691026,0.0046331262,0.0054405426
0.2693250561,-0.0255801028,-0.0144932747,0.0052557019
0.2668493177,-0.0735326187,-0.0069627515,0.0056315343
0.2810357894,-0.0607477818,-0.0118447091,0.0050945186
0.2992058694,-0.0372622202,-0.0144356833,0.0048392834
0.2559137508,-0.0719018996,-0.0221727408,0.0057620119
0.2849889848,-0.0827069264,-0.0100287944,0.0051199568
0.2585377527,-0.0792434067,-0.0071712732,0.0054210496
0.266906314,-0.0641668879,-0.002913793,0.0053137902
0.2789108597,-0.0848662493,0.0037872116,0.005239833
0.268347379,-0.0670415194,0.0017828415,0.0052249847
0.2963430572,-0.0751081053,0.0075274464,0.004855625
0.2840589132,-0.0793906381,-0.0134865592,0.0053143919
0.2959673399,-0.0440704926,-0.0023292678,0.0047922604
0.3233363587,-0.0657753695,-0.0146359762,0.0046343879
0.2741581832,-0.0457969482,-0.0011912551,0.0054011654
0.3153973526,-0.0502604331,0.0032342106,0.0045630668
0.3000321954,-0.0518816779,-0.0186519276,0.0048348287
0.2986011661,-0.0493457576,0.0104522859,0.0048274346
0.2443212635,-0.0470469602,0.0100880879,0.0057860507
0.2828051408,-0.0636288898,-0.0146094679,0.0053592113
